{"cameraMode":{"drawMode":0,"name":"Shaded","section":"Shading Mode"},"sceneLighting":true,"audioPlay":false,"sceneViewState":{"m_AlwaysRefresh":false,"showFog":true,"showSkybox":true,"showFlares":true,"showImageEffects":true,"showParticleSystems":true,"showVisualEffectGraphs":true,"m_FxEnabled":true},"in2DMode":false,"pivot":{"x":-1.9919066429138184,"y":1.7124247550964356,"z":-33.443058013916019},"rotation":{"x":-0.13535475730895997,"y":-0.6383787989616394,"z":0.11538074165582657,"w":-0.7488926649093628},"size":1.2247449159622193,"orthographic":false}